-- MySQL dump 10.13  Distrib 5.5.27, for osx10.6 (i386)
--
-- Host: localhost    Database: OpenTestCenterDB
-- ------------------------------------------------------
-- Server version	5.5.27

/*!40101 SET @OLD_CHARACTER_SET_CLIENT=@@CHARACTER_SET_CLIENT */;
/*!40101 SET @OLD_CHARACTER_SET_RESULTS=@@CHARACTER_SET_RESULTS */;
/*!40101 SET @OLD_COLLATION_CONNECTION=@@COLLATION_CONNECTION */;
/*!40101 SET NAMES utf8 */;
/*!40103 SET @OLD_TIME_ZONE=@@TIME_ZONE */;
/*!40103 SET TIME_ZONE='+00:00' */;
/*!40014 SET @OLD_UNIQUE_CHECKS=@@UNIQUE_CHECKS, UNIQUE_CHECKS=0 */;
/*!40014 SET @OLD_FOREIGN_KEY_CHECKS=@@FOREIGN_KEY_CHECKS, FOREIGN_KEY_CHECKS=0 */;
/*!40101 SET @OLD_SQL_MODE=@@SQL_MODE, SQL_MODE='NO_AUTO_VALUE_ON_ZERO' */;
/*!40111 SET @OLD_SQL_NOTES=@@SQL_NOTES, SQL_NOTES=0 */;

--
-- Current Database: `OpenTestCenterDB`
--

CREATE DATABASE /*!32312 IF NOT EXISTS*/ `opentestcenterdb` /*!40100 DEFAULT CHARACTER SET latin1 */;

USE `OpenTestCenterDB`;

--
-- Table structure for table `AcceptanceCriterion`
--

DROP TABLE IF EXISTS `AcceptanceCriterion`;
/*!40101 SET @saved_cs_client     = @@character_set_client */;
/*!40101 SET character_set_client = utf8 */;
CREATE TABLE `AcceptanceCriterion` (
  `ACID` int(11) NOT NULL,
  `StoryID` int(11) DEFAULT NULL,
  `LocalOrderID` int(11) DEFAULT NULL,
  `Title` varchar(128) DEFAULT NULL,
  `Desc` varchar(4095) DEFAULT NULL,
  PRIMARY KEY (`ACID`),
  KEY `StoryID_idx` (`StoryID`),
  CONSTRAINT `Story_holding_AC` FOREIGN KEY (`StoryID`) REFERENCES `Story` (`StoryID`) ON DELETE NO ACTION ON UPDATE NO ACTION
) ENGINE=InnoDB DEFAULT CHARSET=latin1;
/*!40101 SET character_set_client = @saved_cs_client */;

--
-- Dumping data for table `AcceptanceCriterion`
--

LOCK TABLES `AcceptanceCriterion` WRITE;
/*!40000 ALTER TABLE `AcceptanceCriterion` DISABLE KEYS */;
INSERT INTO `AcceptanceCriterion` VALUES (1,2,1,'Create a table RELATION to relate entities','Indicate entities and the entity types'),(2,2,2,'Create a table RELATIONTYPE lookup table','Lookup table will provide the abillity to do multiple to multiple lookups'),(3,2,3,'Link foreign keys to RELATION tables','Set up ThisThing, ThatThing and type FKs in Relation table'),(4,1,1,'Design a table ASSOCIATEMAP to describe causal relationships',NULL),(5,2,4,'Ignore previous steps, Create RELATIONSHIP and RELATIONSHIPMAP to describe groups of shared characteristics and the mapping',NULL),(6,3,1,'Create RELATIONSHIP as RelationshipID(PK), Name(vc64), Comments (vc255)',NULL),(7,4,1,'Table is dropped',NULL),(8,5,1,'RELATIONSHIP is created as per AC6',NULL),(9,6,1,'Enter rows into TEST as per Part 2 documentation',NULL),(10,6,2,'Enter rows into corresponding tables as per Part 2 documentation and the TEST rows',NULL),(11,6,3,'Your OpenTestCenter DB by and large corresponds to the SQL file uploaded to github/Eric314/OpenTestCenter/Database',NULL);
/*!40000 ALTER TABLE `AcceptanceCriterion` ENABLE KEYS */;
UNLOCK TABLES;

--
-- Table structure for table `AcceptanceToPayloadMap`
--

DROP TABLE IF EXISTS `AcceptanceToPayloadMap`;
/*!40101 SET @saved_cs_client     = @@character_set_client */;
/*!40101 SET character_set_client = utf8 */;
CREATE TABLE `AcceptanceToPayloadMap` (
  `ACMapID` int(11) NOT NULL,
  `ACID` int(11) NOT NULL,
  `PayloadID` int(11) NOT NULL,
  `RP` int(11) NOT NULL,
  `BeganWorkOn` datetime DEFAULT NULL,
  `FinishedWorkOn` datetime DEFAULT NULL,
  `Comments` varchar(128) DEFAULT NULL,
  PRIMARY KEY (`ACMapID`),
  UNIQUE KEY `ACMapID_UNIQUE` (`ACMapID`),
  KEY `AC_in_Payload_idx` (`ACID`),
  KEY `This_Payload_idx` (`PayloadID`),
  KEY `RP_for_This_AC_idx` (`RP`),
  CONSTRAINT `AC_in_Payload` FOREIGN KEY (`ACID`) REFERENCES `AcceptanceCriterion` (`ACID`) ON DELETE NO ACTION ON UPDATE NO ACTION,
  CONSTRAINT `Payload_containing_AC` FOREIGN KEY (`PayloadID`) REFERENCES `Payload` (`PayloadID`) ON DELETE NO ACTION ON UPDATE NO ACTION,
  CONSTRAINT `RP_for_This_AC_in_This_Payload` FOREIGN KEY (`RP`) REFERENCES `User` (`UserID`) ON DELETE NO ACTION ON UPDATE NO ACTION
) ENGINE=InnoDB DEFAULT CHARSET=latin1;
/*!40101 SET character_set_client = @saved_cs_client */;

--
-- Dumping data for table `AcceptanceToPayloadMap`
--

LOCK TABLES `AcceptanceToPayloadMap` WRITE;
/*!40000 ALTER TABLE `AcceptanceToPayloadMap` DISABLE KEYS */;
INSERT INTO `AcceptanceToPayloadMap` VALUES (1,1,1,1,NULL,NULL,NULL),(2,2,1,1,NULL,NULL,NULL),(3,1,2,1,NULL,NULL,NULL),(4,2,2,1,NULL,NULL,NULL),(5,3,2,1,NULL,NULL,NULL),(6,4,2,1,NULL,NULL,NULL),(7,5,2,1,NULL,NULL,NULL),(8,6,2,1,NULL,NULL,NULL),(9,7,2,1,NULL,NULL,NULL),(10,8,2,1,NULL,NULL,NULL),(11,9,2,1,NULL,NULL,NULL),(12,10,2,1,NULL,NULL,NULL),(13,11,2,1,NULL,NULL,NULL);
/*!40000 ALTER TABLE `AcceptanceToPayloadMap` ENABLE KEYS */;
UNLOCK TABLES;

--
-- Table structure for table `Anatomy`
--

DROP TABLE IF EXISTS `Anatomy`;
/*!40101 SET @saved_cs_client     = @@character_set_client */;
/*!40101 SET character_set_client = utf8 */;
CREATE TABLE `Anatomy` (
  `AnatomyID` int(11) NOT NULL,
  `ReleaseID` int(11) DEFAULT NULL,
  `AnatomyName` varchar(45) NOT NULL,
  `AnatomyDesc` varchar(255) DEFAULT NULL,
  PRIMARY KEY (`AnatomyID`),
  KEY `Release_Containing_Anatomy_idx` (`ReleaseID`),
  CONSTRAINT `Release_Containing_Anatomy` FOREIGN KEY (`ReleaseID`) REFERENCES `Release` (`ReleaseID`) ON DELETE NO ACTION ON UPDATE NO ACTION
) ENGINE=InnoDB DEFAULT CHARSET=latin1;
/*!40101 SET character_set_client = @saved_cs_client */;

--
-- Dumping data for table `Anatomy`
--

LOCK TABLES `Anatomy` WRITE;
/*!40000 ALTER TABLE `Anatomy` DISABLE KEYS */;
INSERT INTO `Anatomy` VALUES (1,1,'Database','Database system: MySQL'),(2,1,'Data model','Data ER diagram representing the model'),(3,1,'Data config','MySQL configuration incl indexes and performance settings'),(4,1,'Application','Java app layer providing QA-centric data input and algorithmic enforcing'),(5,1,'Caching','Caching and metadata precalculations for metrics and system information'),(6,1,'Logging','Application logging layer'),(7,1,'Presentation','User interface'),(8,2,'Database','Database system: MySQL'),(9,2,'Data model','Data ER diagram representing the model'),(10,2,'Data config','MySQL configuration incl indexes and performance settings'),(11,2,'Application','Java app layer providing QA-centric data input and algorithmic enforcing'),(12,2,'Caching','Caching and metadata precalculations for metrics and system information'),(13,2,'Logging','Application logging layer'),(14,2,'Presentation','User interface');
/*!40000 ALTER TABLE `Anatomy` ENABLE KEYS */;
UNLOCK TABLES;

--
-- Table structure for table `AnatomyDependMap`
--

DROP TABLE IF EXISTS `AnatomyDependMap`;
/*!40101 SET @saved_cs_client     = @@character_set_client */;
/*!40101 SET character_set_client = utf8 */;
CREATE TABLE `AnatomyDependMap` (
  `AnatomyMapID` int(11) NOT NULL,
  `ThisAnatomyID` int(11) NOT NULL,
  `ThatAnatomyID` int(11) NOT NULL,
  PRIMARY KEY (`AnatomyMapID`),
  KEY `AnatomyMap_to_Anatomy_idx` (`ThisAnatomyID`),
  KEY `AnatomyMap_Dependency_idx` (`ThatAnatomyID`),
  CONSTRAINT `AnatomyMap_Anatomy_Value` FOREIGN KEY (`ThisAnatomyID`) REFERENCES `Anatomy` (`AnatomyID`) ON DELETE NO ACTION ON UPDATE NO ACTION,
  CONSTRAINT `AnatomyMap_Dependency` FOREIGN KEY (`ThatAnatomyID`) REFERENCES `Anatomy` (`AnatomyID`) ON DELETE NO ACTION ON UPDATE NO ACTION
) ENGINE=InnoDB DEFAULT CHARSET=latin1;
/*!40101 SET character_set_client = @saved_cs_client */;

--
-- Dumping data for table `AnatomyDependMap`
--

LOCK TABLES `AnatomyDependMap` WRITE;
/*!40000 ALTER TABLE `AnatomyDependMap` DISABLE KEYS */;
INSERT INTO `AnatomyDependMap` VALUES (1,3,1),(2,3,2),(3,4,2),(4,5,2),(5,4,6),(6,7,4),(7,10,8),(8,10,9),(9,11,9),(10,12,9),(11,11,13),(12,14,11);
/*!40000 ALTER TABLE `AnatomyDependMap` ENABLE KEYS */;
UNLOCK TABLES;

--
-- Table structure for table `AnatomyTestMap`
--

DROP TABLE IF EXISTS `AnatomyTestMap`;
/*!40101 SET @saved_cs_client     = @@character_set_client */;
/*!40101 SET character_set_client = utf8 */;
CREATE TABLE `AnatomyTestMap` (
  `TestAnatomyMapID` int(11) NOT NULL,
  `ThisAnatomy` int(11) NOT NULL,
  `CoveredByThatTest` int(11) NOT NULL,
  PRIMARY KEY (`TestAnatomyMapID`),
  UNIQUE KEY `TestAnatomyMapID_UNIQUE` (`TestAnatomyMapID`),
  KEY `AnatomyMapPart_idx` (`ThisAnatomy`),
  KEY `AnatomyTestCovering_idx` (`CoveredByThatTest`),
  CONSTRAINT `AnatomyMapPart` FOREIGN KEY (`ThisAnatomy`) REFERENCES `Anatomy` (`AnatomyID`) ON DELETE NO ACTION ON UPDATE NO ACTION,
  CONSTRAINT `AnatomyTestCovering` FOREIGN KEY (`CoveredByThatTest`) REFERENCES `Test` (`TestID`) ON DELETE NO ACTION ON UPDATE NO ACTION
) ENGINE=InnoDB DEFAULT CHARSET=latin1;
/*!40101 SET character_set_client = @saved_cs_client */;

--
-- Dumping data for table `AnatomyTestMap`
--

LOCK TABLES `AnatomyTestMap` WRITE;
/*!40000 ALTER TABLE `AnatomyTestMap` DISABLE KEYS */;
INSERT INTO `AnatomyTestMap` VALUES (1,1,1),(2,2,2),(3,2,3),(4,2,4),(5,2,5),(6,2,6),(7,2,7),(8,2,8),(9,2,9),(10,2,10),(11,2,11),(12,2,12),(13,2,13),(14,2,14),(15,2,15),(16,2,16),(17,2,17),(18,2,18),(19,2,19),(20,2,20),(21,2,21),(22,2,22),(23,2,23),(24,2,24),(25,2,25),(26,2,26),(27,2,27),(28,2,28),(29,2,29),(30,2,30),(31,2,31),(32,2,32),(33,2,33),(34,2,34),(35,2,35),(36,2,36),(37,2,37),(38,2,38),(39,2,39);
/*!40000 ALTER TABLE `AnatomyTestMap` ENABLE KEYS */;
UNLOCK TABLES;

--
-- Table structure for table `AssociateMap`
--

DROP TABLE IF EXISTS `AssociateMap`;
/*!40101 SET @saved_cs_client     = @@character_set_client */;
/*!40101 SET character_set_client = utf8 */;
CREATE TABLE `AssociateMap` (
  `AssociateID` int(11) NOT NULL COMMENT 'An association is a causal link between one entity and another.  \\n\\nEG, a story caused a test, which caused a bug\\na story caused a relationship to 5 other stories, which in turn caused 4 bugs.\\n\\nThis allows a story to be told and interesting metrics to be calculated.',
  `ThisBug` int(11) DEFAULT NULL,
  `ThisStory` int(11) DEFAULT NULL,
  `ThisRelationship` int(11) DEFAULT NULL,
  `ThisTest` int(11) DEFAULT NULL,
  `ThatBug` int(11) DEFAULT NULL,
  `ThatStory` int(11) DEFAULT NULL,
  `ThatRelationship` int(11) DEFAULT NULL,
  `ThatTest` int(11) DEFAULT NULL,
  `Comments` varchar(255) DEFAULT NULL,
  PRIMARY KEY (`AssociateID`),
  UNIQUE KEY `FriendID_UNIQUE` (`AssociateID`),
  KEY `That_bug_is_a_friend_in_bug_table_idx` (`ThisBug`),
  KEY `That_bug_in_relatemap_idx` (`ThatBug`),
  KEY `This_story_in_relatemap_idx` (`ThisStory`),
  KEY `That_story_in_relatemap_idx` (`ThatStory`),
  KEY `This_test_in_relatemap_idx` (`ThisTest`),
  KEY `That_test_in_relatemap_idx` (`ThatTest`),
  KEY `This_relationship_in_associatemap_idx` (`ThisRelationship`),
  KEY `That_relationship_in_associatemap_idx` (`ThatRelationship`),
  CONSTRAINT `This_bug_in_associatemap` FOREIGN KEY (`ThisBug`) REFERENCES `Bug` (`BugID`) ON DELETE NO ACTION ON UPDATE NO ACTION,
  CONSTRAINT `That_bug_in_associatemap` FOREIGN KEY (`ThatBug`) REFERENCES `Bug` (`BugID`) ON DELETE NO ACTION ON UPDATE NO ACTION,
  CONSTRAINT `This_story_in_associatemap` FOREIGN KEY (`ThisStory`) REFERENCES `Story` (`StoryID`) ON DELETE NO ACTION ON UPDATE NO ACTION,
  CONSTRAINT `That_story_in_associatemap` FOREIGN KEY (`ThatStory`) REFERENCES `Story` (`StoryID`) ON DELETE NO ACTION ON UPDATE NO ACTION,
  CONSTRAINT `This_test_in_associatemap` FOREIGN KEY (`ThisTest`) REFERENCES `Test` (`TestID`) ON DELETE NO ACTION ON UPDATE NO ACTION,
  CONSTRAINT `That_test_in_associatemap` FOREIGN KEY (`ThatTest`) REFERENCES `Test` (`TestID`) ON DELETE NO ACTION ON UPDATE NO ACTION,
  CONSTRAINT `This_relationship_in_associatemap` FOREIGN KEY (`ThisRelationship`) REFERENCES `Relationship` (`RelationshipID`) ON DELETE NO ACTION ON UPDATE NO ACTION,
  CONSTRAINT `That_relationship_in_associatemap` FOREIGN KEY (`ThatRelationship`) REFERENCES `Relationship` (`RelationshipID`) ON DELETE NO ACTION ON UPDATE NO ACTION
) ENGINE=InnoDB DEFAULT CHARSET=latin1;
/*!40101 SET character_set_client = @saved_cs_client */;

--
-- Dumping data for table `AssociateMap`
--

LOCK TABLES `AssociateMap` WRITE;
/*!40000 ALTER TABLE `AssociateMap` DISABLE KEYS */;
INSERT INTO `AssociateMap` VALUES (1,13,NULL,NULL,NULL,NULL,2,NULL,NULL,NULL),(2,NULL,3,NULL,NULL,14,NULL,NULL,NULL,NULL),(3,13,NULL,NULL,NULL,NULL,3,NULL,NULL,NULL),(4,NULL,3,NULL,NULL,NULL,NULL,NULL,34,NULL),(5,NULL,3,NULL,NULL,NULL,NULL,NULL,35,NULL),(6,NULL,3,NULL,NULL,NULL,NULL,NULL,36,NULL),(7,NULL,3,NULL,NULL,NULL,NULL,NULL,37,NULL),(8,NULL,6,NULL,NULL,NULL,NULL,NULL,1,NULL),(9,NULL,6,NULL,NULL,NULL,NULL,NULL,2,NULL),(10,NULL,6,NULL,NULL,NULL,NULL,NULL,3,NULL),(11,NULL,6,NULL,NULL,NULL,NULL,NULL,4,NULL),(12,NULL,6,NULL,NULL,NULL,NULL,NULL,5,NULL),(13,NULL,6,NULL,NULL,NULL,NULL,NULL,6,NULL),(14,NULL,6,NULL,NULL,NULL,NULL,NULL,7,NULL),(15,NULL,6,NULL,NULL,NULL,NULL,NULL,8,NULL),(16,NULL,6,NULL,NULL,NULL,NULL,NULL,9,NULL),(17,NULL,6,NULL,NULL,NULL,NULL,NULL,10,NULL),(18,NULL,6,NULL,NULL,NULL,NULL,NULL,11,NULL),(19,NULL,6,NULL,NULL,NULL,NULL,NULL,12,NULL),(20,NULL,6,NULL,NULL,NULL,NULL,NULL,13,NULL),(21,NULL,6,NULL,NULL,NULL,NULL,NULL,14,NULL),(22,NULL,6,NULL,NULL,NULL,NULL,NULL,15,NULL),(23,NULL,6,NULL,NULL,NULL,NULL,NULL,16,NULL),(24,NULL,6,NULL,NULL,NULL,NULL,NULL,17,NULL),(25,NULL,6,NULL,NULL,NULL,NULL,NULL,18,NULL),(26,NULL,6,NULL,NULL,NULL,NULL,NULL,19,NULL),(27,NULL,6,NULL,NULL,NULL,NULL,NULL,20,NULL),(28,NULL,6,NULL,NULL,NULL,NULL,NULL,21,NULL),(29,NULL,6,NULL,NULL,NULL,NULL,NULL,22,NULL),(30,NULL,6,NULL,NULL,NULL,NULL,NULL,23,NULL),(31,NULL,6,NULL,NULL,NULL,NULL,NULL,24,NULL),(32,NULL,6,NULL,NULL,NULL,NULL,NULL,25,NULL),(33,NULL,6,NULL,NULL,NULL,NULL,NULL,26,NULL),(34,NULL,6,NULL,NULL,NULL,NULL,NULL,27,NULL),(35,NULL,6,NULL,NULL,NULL,NULL,NULL,28,NULL),(36,NULL,6,NULL,NULL,NULL,NULL,NULL,29,NULL),(37,NULL,6,NULL,NULL,NULL,NULL,NULL,30,NULL),(38,NULL,6,NULL,NULL,NULL,NULL,NULL,31,NULL),(39,NULL,6,NULL,NULL,NULL,NULL,NULL,32,NULL),(40,NULL,6,NULL,NULL,NULL,NULL,NULL,33,NULL),(41,NULL,6,NULL,NULL,NULL,NULL,NULL,34,NULL),(42,NULL,6,NULL,NULL,NULL,NULL,NULL,35,NULL),(43,NULL,6,NULL,NULL,NULL,NULL,NULL,36,NULL),(44,NULL,6,NULL,NULL,NULL,NULL,NULL,37,NULL);
/*!40000 ALTER TABLE `AssociateMap` ENABLE KEYS */;
UNLOCK TABLES;

--
-- Table structure for table `Bug`
--

DROP TABLE IF EXISTS `Bug`;
/*!40101 SET @saved_cs_client     = @@character_set_client */;
/*!40101 SET character_set_client = utf8 */;
CREATE TABLE `Bug` (
  `BugID` int(11) NOT NULL,
  `ShortDesc` varchar(45) NOT NULL,
  `LongDesc` varchar(255) DEFAULT NULL,
  `OpenedOn` datetime DEFAULT NULL,
  `ClosedOn` datetime DEFAULT NULL,
  `Author` int(11) NOT NULL,
  `OriginatingTestStepID` int(11) DEFAULT NULL,
  `CurrentPassValue` int(11) NOT NULL,
  `RP` int(11) NOT NULL,
  `TriageState` int(11) DEFAULT NULL,
  PRIMARY KEY (`BugID`),
  UNIQUE KEY `BugID_UNIQUE` (`BugID`),
  KEY `AuthorID_idx` (`Author`),
  KEY `Test_Step_Which_Found_Bug_idx` (`OriginatingTestStepID`),
  KEY `Current_Bug_Passvalue_idx` (`CurrentPassValue`),
  KEY `Triage_State_for_Bug_idx` (`TriageState`),
  KEY `RP_for_Bug_idx` (`RP`),
  CONSTRAINT `Author_of_Bug` FOREIGN KEY (`Author`) REFERENCES `User` (`UserID`) ON DELETE NO ACTION ON UPDATE NO ACTION,
  CONSTRAINT `Test_Step_Which_Found_Bug` FOREIGN KEY (`OriginatingTestStepID`) REFERENCES `Step` (`StepID`) ON DELETE NO ACTION ON UPDATE NO ACTION,
  CONSTRAINT `Current_Bug_Passvalue` FOREIGN KEY (`CurrentPassValue`) REFERENCES `PassValue` (`PassValueID`) ON DELETE NO ACTION ON UPDATE NO ACTION,
  CONSTRAINT `Triage_State_for_Bug` FOREIGN KEY (`TriageState`) REFERENCES `TriageState` (`TriageID`) ON DELETE NO ACTION ON UPDATE NO ACTION,
  CONSTRAINT `RP_for_Bug` FOREIGN KEY (`RP`) REFERENCES `User` (`UserID`) ON DELETE NO ACTION ON UPDATE NO ACTION
) ENGINE=InnoDB DEFAULT CHARSET=latin1;
/*!40101 SET character_set_client = @saved_cs_client */;

--
-- Dumping data for table `Bug`
--

LOCK TABLES `Bug` WRITE;
/*!40000 ALTER TABLE `Bug` DISABLE KEYS */;
INSERT INTO `Bug` VALUES (1,'DEPARTMENT table had an extra Desc field',NULL,'2012-10-08 19:12:00',NULL,1,NULL,0,1,NULL),(2,'DEPARTMENT description fields are too short','Can\'t enter in the data I want to','2012-10-08 19:12:00',NULL,1,NULL,0,1,NULL),(3,'BUSINESSUNIT description fields are too short','Same as bug 2','2012-10-08 19:12:00',NULL,1,NULL,0,1,NULL),(4,'TEAM RP wasn\'t marked as NN','RP is required for the TEAM to indicate the team leader','2012-10-08 19:12:00',NULL,1,NULL,0,1,NULL),(5,'TEAMUSERMAP didn\'t have correct PK','The PK for TEAMUSERMAP should be a map ID, not a TeamID','2012-10-08 19:12:00',NULL,1,NULL,0,1,NULL),(6,'TESTANATOMYMAP didn\'t have correct PK','Similar to 5, the PK should be a unique map id','2012-10-08 19:12:00',NULL,1,NULL,0,1,NULL),(7,'PAYLOAD description fields way too short','Description fields need to be set way past 45 chars','2012-10-08 19:12:00',NULL,1,NULL,0,1,NULL),(8,'SUITE description fields too short','Along the lines of 7','2012-10-08 19:12:00',NULL,1,NULL,0,1,NULL),(9,'PAYLOAD doesn\'t contain a BuildID FK','Build should not contain a PayloadID, Payload should contain a BuildID to enable many Payloads to one Build','2012-10-08 19:36:00',NULL,1,NULL,0,1,NULL),(10,'BUGFIXSET doesn\'t contain a BuildID FK','Same as 9 but for BFS','2012-10-08 19:36:00',NULL,1,NULL,0,1,NULL),(11,'BUILD should not contain a payloadID or BFSID','Related to 9 and 10, Build should have payloadID and bugfixsetIDs removed','2012-10-08 19:36:00',NULL,1,NULL,0,1,NULL),(12,'BUILD ShortDesc column is too short','The 45 should really be a 128','2012-10-08 19:36:00',NULL,1,NULL,0,1,NULL),(13,'Related bugs aren\'t clear','There\'s no way in the DB to provide a mapping to which bugs are related to one another or depend on other bugs being fixed','2012-10-08 19:36:00',NULL,1,NULL,0,1,NULL),(14,'Initial pass at relationship schema failed','The initial design of relationships did not show common sense or connected thinking','2012-10-09 08:29:00',NULL,1,NULL,0,1,NULL),(15,'AC title isn\'t long enough','Make the title field 128 long','2012-10-09 15:23:00',NULL,1,NULL,0,1,NULL);
/*!40000 ALTER TABLE `Bug` ENABLE KEYS */;
UNLOCK TABLES;

--
-- Table structure for table `BugFixSet`
--

DROP TABLE IF EXISTS `BugFixSet`;
/*!40101 SET @saved_cs_client     = @@character_set_client */;
/*!40101 SET character_set_client = utf8 */;
CREATE TABLE `BugFixSet` (
  `BugFixSetID` int(11) NOT NULL,
  `BugFixSetName` varchar(64) DEFAULT NULL,
  `RP` int(11) DEFAULT NULL,
  `DeliveredOn` datetime DEFAULT NULL,
  `ExpectedOn` datetime DEFAULT NULL,
  `SubTeamID` int(11) DEFAULT NULL,
  `ShortDesc` varchar(255) DEFAULT NULL,
  `LongDesc` varchar(1024) DEFAULT NULL,
  `AssociatedBuild` int(11) DEFAULT NULL,
  PRIMARY KEY (`BugFixSetID`),
  UNIQUE KEY `BugFixSetID_UNIQUE` (`BugFixSetID`),
  KEY `RP_for_BFSet_idx` (`RP`),
  KEY `SubTeam_owning_BFSet_idx` (`SubTeamID`),
  KEY `Build_containting_BFS_idx` (`AssociatedBuild`),
  CONSTRAINT `RP_for_BFSet` FOREIGN KEY (`RP`) REFERENCES `User` (`UserID`) ON DELETE NO ACTION ON UPDATE NO ACTION,
  CONSTRAINT `Build_containting_BFS` FOREIGN KEY (`AssociatedBuild`) REFERENCES `Build` (`BuildID`) ON DELETE NO ACTION ON UPDATE NO ACTION,
  CONSTRAINT `SubTeam_owning_BFSet` FOREIGN KEY (`SubTeamID`) REFERENCES `SubTeam` (`SubTeamID`) ON DELETE NO ACTION ON UPDATE NO ACTION
) ENGINE=InnoDB DEFAULT CHARSET=latin1;
/*!40101 SET character_set_client = @saved_cs_client */;

--
-- Dumping data for table `BugFixSet`
--

LOCK TABLES `BugFixSet` WRITE;
/*!40000 ALTER TABLE `BugFixSet` DISABLE KEYS */;
INSERT INTO `BugFixSet` VALUES (1,'OTC alpha bugs',1,'2012-10-08 17:51:00','2012-10-08 19:00:00',1,'Initial group of alpha bug fixes found along ',NULL,NULL);
/*!40000 ALTER TABLE `BugFixSet` ENABLE KEYS */;
UNLOCK TABLES;

--
-- Table structure for table `BugToBugFixSetMap`
--

DROP TABLE IF EXISTS `BugToBugFixSetMap`;
/*!40101 SET @saved_cs_client     = @@character_set_client */;
/*!40101 SET character_set_client = utf8 */;
CREATE TABLE `BugToBugFixSetMap` (
  `BugMapID` int(11) NOT NULL,
  `BugID` int(11) NOT NULL,
  `BugFixSetID` int(11) NOT NULL,
  `RP` int(11) DEFAULT NULL,
  `OpenedOn` datetime DEFAULT NULL,
  `ClosedOn` datetime DEFAULT NULL,
  `Comments` varchar(128) DEFAULT NULL,
  PRIMARY KEY (`BugMapID`),
  UNIQUE KEY `BugMapID_UNIQUE` (`BugMapID`),
  KEY `Bug_In_BFS_idx` (`BugID`),
  KEY `BFS_Containing_Bug_idx` (`BugFixSetID`),
  KEY `RP_of_Bug_In_BugFixSet_idx` (`RP`),
  CONSTRAINT `Bug_In_BFS` FOREIGN KEY (`BugID`) REFERENCES `Bug` (`BugID`) ON DELETE NO ACTION ON UPDATE NO ACTION,
  CONSTRAINT `BFS_Containing_Bug` FOREIGN KEY (`BugFixSetID`) REFERENCES `BugFixSet` (`BugFixSetID`) ON DELETE NO ACTION ON UPDATE NO ACTION,
  CONSTRAINT `RP_of_Bug_In_BugFixSet` FOREIGN KEY (`RP`) REFERENCES `User` (`UserID`) ON DELETE NO ACTION ON UPDATE NO ACTION
) ENGINE=InnoDB DEFAULT CHARSET=latin1;
/*!40101 SET character_set_client = @saved_cs_client */;

--
-- Dumping data for table `BugToBugFixSetMap`
--

LOCK TABLES `BugToBugFixSetMap` WRITE;
/*!40000 ALTER TABLE `BugToBugFixSetMap` DISABLE KEYS */;
INSERT INTO `BugToBugFixSetMap` VALUES (1,1,1,1,'2012-10-08 19:12:00','2012-10-08 19:12:00','Creating map for initial testing'),(2,2,1,1,'2012-10-08 19:12:00','2012-10-08 19:12:00',NULL),(3,3,1,1,'2012-10-08 19:12:00',NULL,NULL),(4,4,1,1,'2012-10-08 19:12:00',NULL,NULL),(5,5,1,1,'2012-10-08 19:12:00',NULL,NULL),(6,6,1,1,'2012-10-08 19:12:00',NULL,NULL),(7,7,1,1,'2012-10-08 19:12:00',NULL,NULL),(8,8,1,1,NULL,NULL,NULL),(9,9,1,1,NULL,NULL,NULL),(10,10,1,1,NULL,NULL,NULL),(11,11,1,1,NULL,NULL,NULL),(12,12,1,1,NULL,NULL,NULL),(13,13,1,1,NULL,NULL,NULL),(14,14,1,1,NULL,NULL,NULL);
/*!40000 ALTER TABLE `BugToBugFixSetMap` ENABLE KEYS */;
UNLOCK TABLES;

--
-- Table structure for table `Build`
--

DROP TABLE IF EXISTS `Build`;
/*!40101 SET @saved_cs_client     = @@character_set_client */;
/*!40101 SET character_set_client = utf8 */;
CREATE TABLE `Build` (
  `BuildID` int(11) NOT NULL,
  `BuildName` varchar(45) DEFAULT NULL,
  `RP` int(11) NOT NULL,
  `DeliveredOn` datetime NOT NULL,
  `ExpectedOn` datetime DEFAULT NULL,
  `SubTeamID` int(11) DEFAULT NULL,
  `ShortDesc` varchar(128) DEFAULT NULL,
  PRIMARY KEY (`BuildID`),
  UNIQUE KEY `BuildID_UNIQUE` (`BuildID`),
  KEY `SubTeamID_idx` (`SubTeamID`),
  KEY `RP_for_build_idx` (`RP`),
  CONSTRAINT `RP_for_build` FOREIGN KEY (`RP`) REFERENCES `User` (`UserID`) ON DELETE NO ACTION ON UPDATE NO ACTION,
  CONSTRAINT `SubTeam_delivering_Build` FOREIGN KEY (`SubTeamID`) REFERENCES `SubTeam` (`SubTeamID`) ON DELETE NO ACTION ON UPDATE NO ACTION
) ENGINE=InnoDB DEFAULT CHARSET=latin1;
/*!40101 SET character_set_client = @saved_cs_client */;

--
-- Dumping data for table `Build`
--

LOCK TABLES `Build` WRITE;
/*!40000 ALTER TABLE `Build` DISABLE KEYS */;
INSERT INTO `Build` VALUES (100,'Initial alpha',1,'2012-10-08 19:12:00','2012-10-08 19:12:00',1,NULL);
/*!40000 ALTER TABLE `Build` ENABLE KEYS */;
UNLOCK TABLES;

--
-- Table structure for table `BusinessUnit`
--

DROP TABLE IF EXISTS `BusinessUnit`;
/*!40101 SET @saved_cs_client     = @@character_set_client */;
/*!40101 SET character_set_client = utf8 */;
CREATE TABLE `BusinessUnit` (
  `BusinessUnitID` int(11) NOT NULL,
  `Desc` varchar(45) DEFAULT NULL,
  `DeptID` int(11) DEFAULT NULL,
  `RP` int(11) NOT NULL,
  PRIMARY KEY (`BusinessUnitID`),
  UNIQUE KEY `BusinessUnitID_UNIQUE` (`BusinessUnitID`),
  KEY `RP_idx` (`RP`),
  KEY `Dept_for_BU_idx` (`DeptID`),
  CONSTRAINT `RP_for_BU` FOREIGN KEY (`RP`) REFERENCES `User` (`UserID`) ON DELETE NO ACTION ON UPDATE NO ACTION,
  CONSTRAINT `Dept_for_BU` FOREIGN KEY (`DeptID`) REFERENCES `Department` (`DeptID`) ON DELETE NO ACTION ON UPDATE NO ACTION
) ENGINE=InnoDB DEFAULT CHARSET=latin1;
/*!40101 SET character_set_client = @saved_cs_client */;

--
-- Dumping data for table `BusinessUnit`
--

LOCK TABLES `BusinessUnit` WRITE;
/*!40000 ALTER TABLE `BusinessUnit` DISABLE KEYS */;
INSERT INTO `BusinessUnit` VALUES (1,'Testing Center of Excellence',1,3),(2,'Emerging Technology',1,1),(3,'Legacy Support',1,1),(4,'Data Warehousing',1,1),(5,'Accounts Receivable',2,1),(6,'Accounts Payable',2,1),(7,'Invoice Management',2,1),(8,'Help Desk',3,1),(9,'Repair Management',3,1),(10,'Service Desk',3,1),(11,'PMO Hiring',4,1),(12,'PMO Training and Excellence',4,1),(13,'Sales hiring',5,1),(14,'Sales management and metrics',5,1),(15,'Building management',6,1),(16,'Issue management',6,1),(17,'HVAC',6,1),(18,'Furniture',6,1),(19,'New event management',9,1),(20,'Safety and Code Assurance',9,1),(21,'Expense Management',9,1),(22,'Hiring',8,1),(23,'Termination Management',8,1),(24,'Compensation',8,1),(25,'Benefits',8,1),(26,'Invoicing',7,1),(27,'Communication',7,1),(28,'New Technology',10,1),(29,'Support Desk',10,1),(30,'Management',10,1),(31,'Testing',10,1);
/*!40000 ALTER TABLE `BusinessUnit` ENABLE KEYS */;
UNLOCK TABLES;

--
-- Table structure for table `Department`
--

DROP TABLE IF EXISTS `Department`;
/*!40101 SET @saved_cs_client     = @@character_set_client */;
/*!40101 SET character_set_client = utf8 */;
CREATE TABLE `Department` (
  `DeptID` int(11) NOT NULL,
  `Desc` varchar(64) DEFAULT NULL,
  `RP` int(11) DEFAULT NULL,
  PRIMARY KEY (`DeptID`),
  UNIQUE KEY `DeptID_UNIQUE` (`DeptID`),
  KEY `RP_idx` (`RP`),
  CONSTRAINT `RP_for_Dept` FOREIGN KEY (`RP`) REFERENCES `User` (`UserID`) ON DELETE NO ACTION ON UPDATE NO ACTION
) ENGINE=InnoDB DEFAULT CHARSET=latin1;
/*!40101 SET character_set_client = @saved_cs_client */;

--
-- Dumping data for table `Department`
--

LOCK TABLES `Department` WRITE;
/*!40000 ALTER TABLE `Department` DISABLE KEYS */;
INSERT INTO `Department` VALUES (1,'R&D',2),(2,'Billing',1),(3,'Customer Service',1),(4,'Project Management Office',1),(5,'Sales',1),(6,'Facilities',1),(7,'Vendor Management',1),(8,'Human Resources',1),(9,'Events',1),(10,'Information Technology',1);
/*!40000 ALTER TABLE `Department` ENABLE KEYS */;
UNLOCK TABLES;

--
-- Table structure for table `History`
--

DROP TABLE IF EXISTS `History`;
/*!40101 SET @saved_cs_client     = @@character_set_client */;
/*!40101 SET character_set_client = utf8 */;
CREATE TABLE `History` (
  `TransactionID` int(11) NOT NULL,
  `CreatedOn` datetime NOT NULL,
  `ErrorCode` int(11) DEFAULT NULL,
  `LongDesc` varchar(255) DEFAULT NULL,
  `ShortDesc` varchar(45) NOT NULL,
  `UserID` int(11) DEFAULT NULL,
  PRIMARY KEY (`TransactionID`),
  UNIQUE KEY `TransactionID_UNIQUE` (`TransactionID`),
  KEY `UserID_idx` (`UserID`),
  CONSTRAINT `UserID_of_xaction` FOREIGN KEY (`UserID`) REFERENCES `User` (`UserID`) ON DELETE NO ACTION ON UPDATE NO ACTION
) ENGINE=InnoDB DEFAULT CHARSET=latin1;
/*!40101 SET character_set_client = @saved_cs_client */;

--
-- Dumping data for table `History`
--

LOCK TABLES `History` WRITE;
/*!40000 ALTER TABLE `History` DISABLE KEYS */;
/*!40000 ALTER TABLE `History` ENABLE KEYS */;
UNLOCK TABLES;

--
-- Table structure for table `PassValue`
--

DROP TABLE IF EXISTS `PassValue`;
/*!40101 SET @saved_cs_client     = @@character_set_client */;
/*!40101 SET character_set_client = utf8 */;
CREATE TABLE `PassValue` (
  `PassValueID` int(11) NOT NULL,
  `Name` varchar(45) NOT NULL,
  PRIMARY KEY (`PassValueID`),
  UNIQUE KEY `PassValueID_UNIQUE` (`PassValueID`)
) ENGINE=InnoDB DEFAULT CHARSET=latin1;
/*!40101 SET character_set_client = @saved_cs_client */;

--
-- Dumping data for table `PassValue`
--

LOCK TABLES `PassValue` WRITE;
/*!40000 ALTER TABLE `PassValue` DISABLE KEYS */;
INSERT INTO `PassValue` VALUES (0,'Passed'),(1,'Failed'),(2,'Not Run'),(3,'Queued'),(4,'In Design');
/*!40000 ALTER TABLE `PassValue` ENABLE KEYS */;
UNLOCK TABLES;

--
-- Table structure for table `Payload`
--

DROP TABLE IF EXISTS `Payload`;
/*!40101 SET @saved_cs_client     = @@character_set_client */;
/*!40101 SET character_set_client = utf8 */;
CREATE TABLE `Payload` (
  `PayloadID` int(11) NOT NULL,
  `PayloadName` varchar(128) NOT NULL,
  `RP` int(11) DEFAULT NULL,
  `DeliveredOn` datetime DEFAULT NULL,
  `ExpectedOn` datetime DEFAULT NULL,
  `SubTeamID` int(11) DEFAULT NULL,
  `ShortDesc` varchar(255) DEFAULT NULL,
  `LongDesc` varchar(1024) DEFAULT NULL,
  `AssociatedBuild` int(11) DEFAULT NULL,
  PRIMARY KEY (`PayloadID`),
  UNIQUE KEY `PayloadID_UNIQUE` (`PayloadID`),
  KEY `RP_for_Payload_idx` (`RP`),
  KEY `SubTeam_owning_Payload_idx` (`SubTeamID`),
  KEY `Build_containing_PL_idx` (`AssociatedBuild`),
  CONSTRAINT `Build_containing_PL` FOREIGN KEY (`AssociatedBuild`) REFERENCES `Build` (`BuildID`) ON DELETE NO ACTION ON UPDATE NO ACTION,
  CONSTRAINT `RP_for_Payload` FOREIGN KEY (`RP`) REFERENCES `User` (`UserID`) ON DELETE NO ACTION ON UPDATE NO ACTION,
  CONSTRAINT `SubTeam_owning_Payload` FOREIGN KEY (`SubTeamID`) REFERENCES `SubTeam` (`SubTeamID`) ON DELETE NO ACTION ON UPDATE NO ACTION
) ENGINE=InnoDB DEFAULT CHARSET=latin1;
/*!40101 SET character_set_client = @saved_cs_client */;

--
-- Dumping data for table `Payload`
--

LOCK TABLES `Payload` WRITE;
/*!40000 ALTER TABLE `Payload` DISABLE KEYS */;
INSERT INTO `Payload` VALUES (1,'Data model initial',1,'2012-10-08 17:36:00','2012-10-08 16:36:00',1,'ER diagram that can forward engineer the MySQL database to initial existence',NULL,NULL),(2,'Data model alpha',1,'2012-10-08 17:50:00',NULL,1,'Updates to column lengths, deleting redundant columns',NULL,NULL);
/*!40000 ALTER TABLE `Payload` ENABLE KEYS */;
UNLOCK TABLES;

--
-- Table structure for table `Priority`
--

DROP TABLE IF EXISTS `Priority`;
/*!40101 SET @saved_cs_client     = @@character_set_client */;
/*!40101 SET character_set_client = utf8 */;
CREATE TABLE `Priority` (
  `PriorityID` int(11) NOT NULL,
  `Name` varchar(45) DEFAULT NULL,
  `Value` int(11) DEFAULT NULL,
  PRIMARY KEY (`PriorityID`),
  UNIQUE KEY `PriorityID_UNIQUE` (`PriorityID`)
) ENGINE=InnoDB DEFAULT CHARSET=latin1;
/*!40101 SET character_set_client = @saved_cs_client */;

--
-- Dumping data for table `Priority`
--

LOCK TABLES `Priority` WRITE;
/*!40000 ALTER TABLE `Priority` DISABLE KEYS */;
INSERT INTO `Priority` VALUES (0,'Low',1),(1,'Medium',2),(2,'High',5),(3,'Must-Do',7);
/*!40000 ALTER TABLE `Priority` ENABLE KEYS */;
UNLOCK TABLES;

--
-- Table structure for table `Product`
--

DROP TABLE IF EXISTS `Product`;
/*!40101 SET @saved_cs_client     = @@character_set_client */;
/*!40101 SET character_set_client = utf8 */;
CREATE TABLE `Product` (
  `ProductID` int(11) NOT NULL,
  `BusinessUnitID` int(11) DEFAULT NULL,
  `RP` int(11) NOT NULL,
  PRIMARY KEY (`ProductID`),
  KEY `BusinessUnitID_idx` (`BusinessUnitID`),
  KEY `RP_idx` (`RP`),
  CONSTRAINT `BusinessUnit_for_Product` FOREIGN KEY (`BusinessUnitID`) REFERENCES `BusinessUnit` (`BusinessUnitID`) ON DELETE NO ACTION ON UPDATE NO ACTION,
  CONSTRAINT `RP_for_Product` FOREIGN KEY (`RP`) REFERENCES `User` (`UserID`) ON DELETE NO ACTION ON UPDATE NO ACTION
) ENGINE=InnoDB DEFAULT CHARSET=latin1;
/*!40101 SET character_set_client = @saved_cs_client */;

--
-- Dumping data for table `Product`
--

LOCK TABLES `Product` WRITE;
/*!40000 ALTER TABLE `Product` DISABLE KEYS */;
INSERT INTO `Product` VALUES (100,1,1);
/*!40000 ALTER TABLE `Product` ENABLE KEYS */;
UNLOCK TABLES;

--
-- Table structure for table `Relationship`
--

DROP TABLE IF EXISTS `Relationship`;
/*!40101 SET @saved_cs_client     = @@character_set_client */;
/*!40101 SET character_set_client = utf8 */;
CREATE TABLE `Relationship` (
  `RelationshipID` int(11) NOT NULL COMMENT 'A relationship is a description of a common property shared by a group of entities (bugs, tests, stories, or relationships).',
  `Name` varchar(64) NOT NULL,
  `Comments` varchar(255) DEFAULT NULL,
  PRIMARY KEY (`RelationshipID`)
) ENGINE=InnoDB DEFAULT CHARSET=latin1;
/*!40101 SET character_set_client = @saved_cs_client */;

--
-- Dumping data for table `Relationship`
--

LOCK TABLES `Relationship` WRITE;
/*!40000 ALTER TABLE `Relationship` DISABLE KEYS */;
INSERT INTO `Relationship` VALUES (1,'Schema tweaks','Entities that are related to schema adjustments (such as field lengths) for alpha release'),(2,'Schema redesigns','Entities that address functional confusions or complete misses in the schema that need to be designed and implemented');
/*!40000 ALTER TABLE `Relationship` ENABLE KEYS */;
UNLOCK TABLES;

--
-- Table structure for table `RelationshipMap`
--

DROP TABLE IF EXISTS `RelationshipMap`;
/*!40101 SET @saved_cs_client     = @@character_set_client */;
/*!40101 SET character_set_client = utf8 */;
CREATE TABLE `RelationshipMap` (
  `RelationshipMapID` int(11) NOT NULL COMMENT 'Map an entity to a relationship.',
  `RelationshipID` int(11) DEFAULT NULL,
  `ThisTest` int(11) DEFAULT NULL,
  `ThisBug` int(11) DEFAULT NULL,
  `ThisStory` int(11) DEFAULT NULL,
  `ThisRelationship` int(11) DEFAULT NULL,
  PRIMARY KEY (`RelationshipMapID`),
  KEY `ThisRelationship_in_relationshipmap_idx` (`ThisRelationship`),
  KEY `ThisTest_in_relationshipmap_idx` (`ThisTest`),
  KEY `ThisBug_in_relationshipmap_idx` (`ThisBug`),
  KEY `ThisStory_in_relationshipmap_idx` (`ThisStory`),
  KEY `RelationshipID_in_relationshipmap_idx` (`RelationshipID`),
  CONSTRAINT `ThisRelationship_in_relationshipmap` FOREIGN KEY (`ThisRelationship`) REFERENCES `Relationship` (`RelationshipID`) ON DELETE NO ACTION ON UPDATE NO ACTION,
  CONSTRAINT `ThisTest_in_relationshipmap` FOREIGN KEY (`ThisTest`) REFERENCES `Test` (`TestID`) ON DELETE NO ACTION ON UPDATE NO ACTION,
  CONSTRAINT `ThisBug_in_relationshipmap` FOREIGN KEY (`ThisBug`) REFERENCES `Bug` (`BugID`) ON DELETE NO ACTION ON UPDATE NO ACTION,
  CONSTRAINT `ThisStory_in_relationshipmap` FOREIGN KEY (`ThisStory`) REFERENCES `Story` (`StoryID`) ON DELETE NO ACTION ON UPDATE NO ACTION,
  CONSTRAINT `RelationshipID_in_relationshipmap` FOREIGN KEY (`RelationshipID`) REFERENCES `Relationship` (`RelationshipID`) ON DELETE NO ACTION ON UPDATE NO ACTION
) ENGINE=InnoDB DEFAULT CHARSET=latin1;
/*!40101 SET character_set_client = @saved_cs_client */;

--
-- Dumping data for table `RelationshipMap`
--

LOCK TABLES `RelationshipMap` WRITE;
/*!40000 ALTER TABLE `RelationshipMap` DISABLE KEYS */;
INSERT INTO `RelationshipMap` VALUES (1,1,NULL,1,NULL,NULL),(2,1,NULL,2,NULL,NULL),(3,1,NULL,3,NULL,NULL),(4,1,NULL,4,NULL,NULL),(5,1,NULL,5,NULL,NULL),(6,1,NULL,6,NULL,NULL),(7,1,NULL,7,NULL,NULL),(8,1,NULL,8,NULL,NULL),(9,1,NULL,9,NULL,NULL),(10,1,NULL,10,NULL,NULL),(11,1,NULL,11,NULL,NULL),(12,1,NULL,12,NULL,NULL),(13,2,NULL,NULL,1,NULL),(14,2,NULL,NULL,2,NULL),(15,2,NULL,NULL,3,NULL),(16,2,NULL,NULL,4,NULL),(17,2,NULL,NULL,5,NULL),(18,2,NULL,13,NULL,NULL);
/*!40000 ALTER TABLE `RelationshipMap` ENABLE KEYS */;
UNLOCK TABLES;

--
-- Table structure for table `Release`
--

DROP TABLE IF EXISTS `Release`;
/*!40101 SET @saved_cs_client     = @@character_set_client */;
/*!40101 SET character_set_client = utf8 */;
CREATE TABLE `Release` (
  `ReleaseID` int(11) NOT NULL,
  `ProductID` int(11) DEFAULT NULL,
  `TeamID` int(11) DEFAULT NULL,
  `SubTeamID` int(11) DEFAULT NULL,
  `RP` int(11) NOT NULL,
  `Name` varchar(45) DEFAULT NULL,
  `Desc` varchar(1024) DEFAULT NULL,
  `Version` varchar(45) DEFAULT NULL,
  PRIMARY KEY (`ReleaseID`),
  KEY `ProductID_idx` (`ProductID`),
  KEY `TeamID_idx` (`TeamID`),
  KEY `SubTeamID_idx` (`SubTeamID`),
  KEY `RP_idx` (`RP`),
  CONSTRAINT `Product_for_Release` FOREIGN KEY (`ProductID`) REFERENCES `Product` (`ProductID`) ON DELETE NO ACTION ON UPDATE NO ACTION,
  CONSTRAINT `RP_for_Release` FOREIGN KEY (`RP`) REFERENCES `User` (`UserID`) ON DELETE NO ACTION ON UPDATE NO ACTION,
  CONSTRAINT `SubTeam_supporting_Release` FOREIGN KEY (`SubTeamID`) REFERENCES `SubTeam` (`SubTeamID`) ON DELETE NO ACTION ON UPDATE NO ACTION,
  CONSTRAINT `Team_supporting_Release` FOREIGN KEY (`TeamID`) REFERENCES `Team` (`TeamID`) ON DELETE NO ACTION ON UPDATE NO ACTION
) ENGINE=InnoDB DEFAULT CHARSET=latin1;
/*!40101 SET character_set_client = @saved_cs_client */;

--
-- Dumping data for table `Release`
--

LOCK TABLES `Release` WRITE;
/*!40000 ALTER TABLE `Release` DISABLE KEYS */;
INSERT INTO `Release` VALUES (1,100,1000,1,1,'OpenTestCenter alpha release','Incremental base functionality set release','0.a'),(2,100,1000,1,1,'OpenTestCenter beta release','Beta release ready for user testing','0.b');
/*!40000 ALTER TABLE `Release` ENABLE KEYS */;
UNLOCK TABLES;

--
-- Table structure for table `Set`
--

DROP TABLE IF EXISTS `Set`;
/*!40101 SET @saved_cs_client     = @@character_set_client */;
/*!40101 SET character_set_client = utf8 */;
CREATE TABLE `Set` (
  `SetID` int(11) NOT NULL,
  `Name` varchar(45) NOT NULL,
  `Description` varchar(255) DEFAULT NULL,
  `AuthorID` int(11) NOT NULL,
  `SetTypeID` int(11) NOT NULL,
  `RP` int(11) DEFAULT NULL,
  `CreatedOn` datetime NOT NULL,
  `LastRun` datetime DEFAULT NULL,
  PRIMARY KEY (`SetID`),
  UNIQUE KEY `SetID_UNIQUE` (`SetID`),
  KEY `SetTypeID_idx` (`SetTypeID`),
  KEY `Author_idx` (`AuthorID`),
  KEY `Rp_idx` (`RP`),
  CONSTRAINT `SetType_of_Set` FOREIGN KEY (`SetTypeID`) REFERENCES `SetType` (`SetTypeID`) ON DELETE NO ACTION ON UPDATE NO ACTION,
  CONSTRAINT `Author_of_Set` FOREIGN KEY (`AuthorID`) REFERENCES `User` (`UserID`) ON DELETE NO ACTION ON UPDATE NO ACTION,
  CONSTRAINT `RP_for_Set` FOREIGN KEY (`RP`) REFERENCES `User` (`UserID`) ON DELETE NO ACTION ON UPDATE NO ACTION
) ENGINE=InnoDB DEFAULT CHARSET=latin1;
/*!40101 SET character_set_client = @saved_cs_client */;

--
-- Dumping data for table `Set`
--

LOCK TABLES `Set` WRITE;
/*!40000 ALTER TABLE `Set` DISABLE KEYS */;
INSERT INTO `Set` VALUES (1,'Dynamic test set for OpenTestCenter test data',NULL,1,1,1,'0000-00-00 00:00:00',NULL);
/*!40000 ALTER TABLE `Set` ENABLE KEYS */;
UNLOCK TABLES;

--
-- Table structure for table `SetType`
--

DROP TABLE IF EXISTS `SetType`;
/*!40101 SET @saved_cs_client     = @@character_set_client */;
/*!40101 SET character_set_client = utf8 */;
CREATE TABLE `SetType` (
  `SetTypeID` int(11) NOT NULL,
  `Name` varchar(45) DEFAULT NULL,
  PRIMARY KEY (`SetTypeID`),
  UNIQUE KEY `SetTypeID_UNIQUE` (`SetTypeID`)
) ENGINE=InnoDB DEFAULT CHARSET=latin1;
/*!40101 SET character_set_client = @saved_cs_client */;

--
-- Dumping data for table `SetType`
--

LOCK TABLES `SetType` WRITE;
/*!40000 ALTER TABLE `SetType` DISABLE KEYS */;
INSERT INTO `SetType` VALUES (1,'Functional manual verification'),(2,'Non-Functional manual verification');
/*!40000 ALTER TABLE `SetType` ENABLE KEYS */;
UNLOCK TABLES;

--
-- Table structure for table `Step`
--

DROP TABLE IF EXISTS `Step`;
/*!40101 SET @saved_cs_client     = @@character_set_client */;
/*!40101 SET character_set_client = utf8 */;
CREATE TABLE `Step` (
  `StepID` int(11) NOT NULL,
  `LocalOrderID` int(11) NOT NULL,
  `Condition` varchar(1024) NOT NULL,
  `ExpValue` varchar(255) DEFAULT NULL,
  `CurrentPassValue` int(11) DEFAULT NULL,
  `LastPassValue` int(11) DEFAULT NULL,
  `ParentTest` int(11) NOT NULL,
  PRIMARY KEY (`StepID`),
  UNIQUE KEY `StepID_UNIQUE` (`StepID`),
  KEY `Parent_idx` (`ParentTest`),
  KEY `PassValue_idx` (`CurrentPassValue`),
  CONSTRAINT `Test_which_step_belongs_to` FOREIGN KEY (`ParentTest`) REFERENCES `Test` (`TestID`) ON DELETE NO ACTION ON UPDATE NO ACTION,
  CONSTRAINT `Last_PassValue_of_Step` FOREIGN KEY (`CurrentPassValue`) REFERENCES `PassValue` (`PassValueID`) ON DELETE NO ACTION ON UPDATE NO ACTION
) ENGINE=InnoDB DEFAULT CHARSET=latin1;
/*!40101 SET character_set_client = @saved_cs_client */;

--
-- Dumping data for table `Step`
--

LOCK TABLES `Step` WRITE;
/*!40000 ALTER TABLE `Step` DISABLE KEYS */;
INSERT INTO `Step` VALUES (1,1,'Add userID \"1\" to the USEr table','MySQL accepts the row',NULL,NULL,4),(2,2,'Add two Set Types to the SETTYPE table, Functional manual and NonFunctional manual','MySQL accepts the row',NULL,NULL,4),(3,3,'Create a set in the SET table called \"Dynamic test set for OTC test data\"','MySQL accepts the row.',NULL,NULL,4);
/*!40000 ALTER TABLE `Step` ENABLE KEYS */;
UNLOCK TABLES;

--
-- Table structure for table `Story`
--

DROP TABLE IF EXISTS `Story`;
/*!40101 SET @saved_cs_client     = @@character_set_client */;
/*!40101 SET character_set_client = utf8 */;
CREATE TABLE `Story` (
  `StoryID` int(11) NOT NULL,
  `ShortDesc` varchar(45) DEFAULT NULL,
  `LongDesc` varchar(255) DEFAULT NULL,
  `AuthorID` int(11) DEFAULT NULL,
  `OwnerID` int(11) DEFAULT NULL,
  `CreatedOn` datetime DEFAULT NULL,
  `Size` int(11) DEFAULT NULL,
  `State` varchar(45) DEFAULT NULL,
  `RP` int(11) NOT NULL,
  PRIMARY KEY (`StoryID`),
  KEY `RP_of_story_idx` (`RP`),
  CONSTRAINT `RP_of_story` FOREIGN KEY (`RP`) REFERENCES `User` (`UserID`) ON DELETE NO ACTION ON UPDATE NO ACTION
) ENGINE=InnoDB DEFAULT CHARSET=latin1;
/*!40101 SET character_set_client = @saved_cs_client */;

--
-- Dumping data for table `Story`
--

LOCK TABLES `Story` WRITE;
/*!40000 ALTER TABLE `Story` DISABLE KEYS */;
INSERT INTO `Story` VALUES (1,'Create a way to indicate dependency','Create a table that establishes dependencies between entities bugs, stories, and relationships',1,1,'2012-10-08 19:36:00',1,NULL,1),(2,'Create a way to indicate relationships','Create a way to set up a relationship that could indicate that one or more stories are related to one or more bugs or one or more relationships',1,1,'2012-10-08 19:36:00',1,NULL,1),(3,'Create Relationship Entities','Create table RELATIONSHIPENTITIES',1,1,'2012-10-08 19:36:00',1,NULL,1),(4,'Drop RELATIONSHIPENTITIES','Redesign the way the schema handles relationships',1,1,'2012-10-09 08:29:00',1,NULL,1),(5,'Design and implement a new relationship model','Create a way to both associate entities with one another in a causal way, and also to create relationships capturing entities sharing a common criteria.',1,1,'2012-10-09 08:29:00',5,NULL,1),(6,'Test Data for OpenTestDB ','As a QA Engineer designing a OTC DB, I need test data in order to have contextual understanding of the tables faster',1,1,'2012-10-09 08:29:00',13,NULL,1),(7,'Delete bugbleed and storybleed','AssociateMap and ResponsibilityMap generically cover the storybleed and bugbleed functionality, as well as having a better name.',1,1,'2012-10-09 15:23:00',1,NULL,1);
/*!40000 ALTER TABLE `Story` ENABLE KEYS */;
UNLOCK TABLES;

--
-- Table structure for table `SubTeam`
--

DROP TABLE IF EXISTS `SubTeam`;
/*!40101 SET @saved_cs_client     = @@character_set_client */;
/*!40101 SET character_set_client = utf8 */;
CREATE TABLE `SubTeam` (
  `SubTeamID` int(11) NOT NULL,
  `TeamID` int(11) DEFAULT NULL,
  `Desc` varchar(45) DEFAULT NULL,
  `Thumbnail` blob,
  `RP` int(11) DEFAULT NULL,
  PRIMARY KEY (`SubTeamID`),
  UNIQUE KEY `SubTeamID_UNIQUE` (`SubTeamID`),
  KEY `TeamID_idx` (`TeamID`),
  KEY `RP_idx` (`RP`),
  CONSTRAINT `TeamID_parent_of_Subteam` FOREIGN KEY (`TeamID`) REFERENCES `Team` (`TeamID`) ON DELETE NO ACTION ON UPDATE NO ACTION,
  CONSTRAINT `RP_of_Subteam` FOREIGN KEY (`RP`) REFERENCES `User` (`UserID`) ON DELETE NO ACTION ON UPDATE NO ACTION
) ENGINE=InnoDB DEFAULT CHARSET=latin1;
/*!40101 SET character_set_client = @saved_cs_client */;

--
-- Dumping data for table `SubTeam`
--

LOCK TABLES `SubTeam` WRITE;
/*!40000 ALTER TABLE `SubTeam` DISABLE KEYS */;
INSERT INTO `SubTeam` VALUES (1,1000,'OpenTestCenter team',NULL,1),(2,2000,'Performance Improvement and Feedback',NULL,NULL),(3,2001,'Performance Improvement and Feedback',NULL,NULL),(4,2002,'Performance Improvement and Feedback',NULL,NULL),(5,2003,'Performance Improvement and Feedback',NULL,NULL),(6,2004,'Performance Improvement and Feedback',NULL,NULL),(7,2005,'Performance Improvement and Feedback',NULL,NULL),(8,2006,'Performance Improvement and Feedback',NULL,NULL),(9,2007,'Performance Improvement and Feedback',NULL,NULL),(10,2008,'Performance Improvement and Feedback',NULL,NULL),(11,2009,'Performance Improvement and Feedback',NULL,NULL),(12,2010,'Performance Improvement and Feedback',NULL,NULL),(13,2011,'Performance Improvement and Feedback',NULL,NULL),(14,2012,'Performance Improvement and Feedback',NULL,NULL),(15,2013,'Performance Improvement and Feedback',NULL,NULL),(16,2014,'Performance Improvement and Feedback',NULL,NULL),(17,2015,'Performance Improvement and Feedback',NULL,NULL),(18,2016,'Performance Improvement and Feedback',NULL,NULL),(19,2017,'Performance Improvement and Feedback',NULL,NULL),(20,2018,'Performance Improvement and Feedback',NULL,NULL),(21,2019,'Performance Improvement and Feedback',NULL,NULL),(22,2020,'Performance Improvement and Feedback',NULL,NULL),(23,2021,'Performance Improvement and Feedback',NULL,NULL),(24,2022,'Performance Improvement and Feedback',NULL,NULL),(25,2023,'Performance Improvement and Feedback',NULL,NULL),(26,2024,'Performance Improvement and Feedback',NULL,NULL),(27,2025,'Performance Improvement and Feedback',NULL,NULL),(28,2026,'Performance Improvement and Feedback',NULL,NULL),(29,2027,'Performance Improvement and Feedback',NULL,NULL),(30,2028,'Performance Improvement and Feedback',NULL,NULL),(31,2029,'Performance Improvement and Feedback',NULL,NULL),(32,2030,'Performance Improvement and Feedback',NULL,NULL);
/*!40000 ALTER TABLE `SubTeam` ENABLE KEYS */;
UNLOCK TABLES;

--
-- Table structure for table `Suite`
--

DROP TABLE IF EXISTS `Suite`;
/*!40101 SET @saved_cs_client     = @@character_set_client */;
/*!40101 SET character_set_client = utf8 */;
CREATE TABLE `Suite` (
  `SuiteID` int(11) NOT NULL,
  `ProductID` int(11) DEFAULT NULL,
  `Name` varchar(128) NOT NULL,
  `Description` varchar(1024) DEFAULT NULL,
  `CreatedOn` datetime DEFAULT NULL,
  `LastRun` datetime DEFAULT NULL,
  `AuthorID` int(11) NOT NULL,
  `RP` int(11) NOT NULL,
  PRIMARY KEY (`SuiteID`),
  UNIQUE KEY `SuiteID_UNIQUE` (`SuiteID`),
  KEY `ProductID_idx` (`ProductID`),
  KEY `AuthorID_idx` (`AuthorID`),
  KEY `OwnerID_idx` (`RP`),
  CONSTRAINT `Product_for_Suite` FOREIGN KEY (`ProductID`) REFERENCES `Product` (`ProductID`) ON DELETE NO ACTION ON UPDATE NO ACTION,
  CONSTRAINT `Author_of_Suite` FOREIGN KEY (`AuthorID`) REFERENCES `User` (`UserID`) ON DELETE NO ACTION ON UPDATE NO ACTION,
  CONSTRAINT `RP_for_Suite` FOREIGN KEY (`RP`) REFERENCES `User` (`UserID`) ON DELETE NO ACTION ON UPDATE NO ACTION
) ENGINE=InnoDB DEFAULT CHARSET=latin1;
/*!40101 SET character_set_client = @saved_cs_client */;

--
-- Dumping data for table `Suite`
--

LOCK TABLES `Suite` WRITE;
/*!40000 ALTER TABLE `Suite` DISABLE KEYS */;
INSERT INTO `Suite` VALUES (1,100,'Smoketest','High value automatable tests to run everytime','2012-10-08 17:00:00',NULL,1,1),(2,100,'Full functional','Every functional test written for OTC','2012-10-08 17:00:00',NULL,1,1);
/*!40000 ALTER TABLE `Suite` ENABLE KEYS */;
UNLOCK TABLES;

--
-- Table structure for table `SuiteMap`
--

DROP TABLE IF EXISTS `SuiteMap`;
/*!40101 SET @saved_cs_client     = @@character_set_client */;
/*!40101 SET character_set_client = utf8 */;
CREATE TABLE `SuiteMap` (
  `TSMapID` int(11) NOT NULL,
  `SuiteID` int(11) NOT NULL,
  `TestID` int(11) NOT NULL,
  `TestPriorityInSuite` int(11) DEFAULT NULL,
  `AuthorOrder` int(11) DEFAULT NULL,
  PRIMARY KEY (`TSMapID`),
  UNIQUE KEY `TSMapID_UNIQUE` (`TSMapID`),
  KEY `TestID_idx` (`TestID`),
  KEY `SuiteID_idx` (`SuiteID`),
  KEY `Priority_in_Suite_idx` (`TestPriorityInSuite`),
  CONSTRAINT `Test_in_Suite` FOREIGN KEY (`TestID`) REFERENCES `Test` (`TestID`) ON DELETE NO ACTION ON UPDATE NO ACTION,
  CONSTRAINT `Suite_containing_Test` FOREIGN KEY (`SuiteID`) REFERENCES `Suite` (`SuiteID`) ON DELETE NO ACTION ON UPDATE NO ACTION,
  CONSTRAINT `Priority_in_Suite` FOREIGN KEY (`TestPriorityInSuite`) REFERENCES `Priority` (`PriorityID`) ON DELETE NO ACTION ON UPDATE NO ACTION
) ENGINE=InnoDB DEFAULT CHARSET=latin1;
/*!40101 SET character_set_client = @saved_cs_client */;

--
-- Dumping data for table `SuiteMap`
--

LOCK TABLES `SuiteMap` WRITE;
/*!40000 ALTER TABLE `SuiteMap` DISABLE KEYS */;
INSERT INTO `SuiteMap` VALUES (100,1,1,NULL,NULL),(101,1,2,NULL,NULL),(102,1,3,NULL,NULL),(103,1,4,NULL,NULL),(104,1,7,NULL,NULL),(105,1,8,NULL,NULL),(106,1,11,NULL,NULL),(107,1,12,NULL,NULL),(108,1,18,NULL,NULL),(109,1,20,NULL,NULL),(200,2,1,NULL,NULL),(201,2,2,NULL,NULL),(202,2,3,NULL,NULL),(203,2,4,NULL,NULL),(204,2,5,NULL,NULL),(205,2,6,NULL,NULL),(206,2,7,NULL,NULL),(207,2,8,NULL,NULL),(208,2,9,NULL,NULL),(209,2,10,NULL,NULL),(210,2,11,NULL,NULL),(211,2,12,NULL,NULL),(212,2,13,NULL,NULL),(213,2,14,NULL,NULL),(214,2,15,NULL,NULL),(215,2,16,NULL,NULL),(216,2,17,NULL,NULL),(217,2,18,NULL,NULL),(218,2,19,NULL,NULL),(219,2,20,NULL,NULL),(220,2,21,NULL,NULL),(230,2,22,NULL,NULL),(240,2,23,NULL,NULL),(241,2,24,NULL,NULL),(242,2,25,NULL,NULL),(243,2,26,NULL,NULL),(244,2,27,NULL,NULL),(245,2,28,NULL,NULL),(246,2,29,NULL,NULL),(247,2,30,NULL,NULL),(248,2,31,NULL,NULL),(249,2,32,NULL,NULL),(250,2,33,NULL,NULL),(251,2,34,NULL,NULL),(252,2,35,NULL,NULL),(253,2,36,NULL,NULL),(254,2,37,NULL,NULL),(255,2,38,NULL,NULL),(256,2,39,NULL,NULL),(257,2,40,NULL,NULL);
/*!40000 ALTER TABLE `SuiteMap` ENABLE KEYS */;
UNLOCK TABLES;

--
-- Table structure for table `Team`
--

DROP TABLE IF EXISTS `Team`;
/*!40101 SET @saved_cs_client     = @@character_set_client */;
/*!40101 SET character_set_client = utf8 */;
CREATE TABLE `Team` (
  `TeamID` int(11) NOT NULL,
  `Desc` varchar(45) DEFAULT NULL,
  `BusinessUnitID` int(11) DEFAULT NULL,
  `RP` int(11) NOT NULL,
  PRIMARY KEY (`TeamID`),
  UNIQUE KEY `TeamID_UNIQUE` (`TeamID`),
  KEY `BusinessUnitID_idx` (`BusinessUnitID`),
  KEY `RP_idx` (`RP`),
  CONSTRAINT `BU_for_Team` FOREIGN KEY (`BusinessUnitID`) REFERENCES `BusinessUnit` (`BusinessUnitID`) ON DELETE NO ACTION ON UPDATE NO ACTION,
  CONSTRAINT `RP_for_Team` FOREIGN KEY (`RP`) REFERENCES `User` (`UserID`) ON DELETE NO ACTION ON UPDATE NO ACTION
) ENGINE=InnoDB DEFAULT CHARSET=latin1;
/*!40101 SET character_set_client = @saved_cs_client */;

--
-- Dumping data for table `Team`
--

LOCK TABLES `Team` WRITE;
/*!40000 ALTER TABLE `Team` DISABLE KEYS */;
INSERT INTO `Team` VALUES (1000,'Testing Tools delivery team',1,1),(1001,'Development',2,1),(1002,'Development',3,1),(1003,'Development',4,1),(2000,'Project Management',1,1),(2001,'Project Management',2,1),(2002,'Project Management',3,1),(2003,'Project Management',4,1),(2004,'Project Management',5,1),(2005,'Project Management',6,1),(2006,'Project Management',7,1),(2007,'Project Management',8,1),(2008,'Project Management',9,1),(2009,'Project Management',10,1),(2010,'Project Management',11,1),(2011,'Project Management',12,1),(2012,'Project Management',13,1),(2013,'Project Management',14,1),(2014,'Project Management',15,1),(2015,'Project Management',16,1),(2016,'Project Management',17,1),(2017,'Project Management',18,1),(2018,'Project Management',19,1),(2019,'Project Management',20,1),(2020,'Project Management',21,1),(2021,'Project Management',22,1),(2022,'Project Management',23,1),(2023,'Project Management',24,1),(2024,'Project Management',25,1),(2025,'Project Management',26,1),(2026,'Project Management',27,1),(2027,'Project Management',28,1),(2028,'Project Management',29,1),(2029,'Project Management',30,1),(2030,'Project Management',31,1);
/*!40000 ALTER TABLE `Team` ENABLE KEYS */;
UNLOCK TABLES;

--
-- Table structure for table `TeamUserMap`
--

DROP TABLE IF EXISTS `TeamUserMap`;
/*!40101 SET @saved_cs_client     = @@character_set_client */;
/*!40101 SET character_set_client = utf8 */;
CREATE TABLE `TeamUserMap` (
  `TUMapID` int(11) NOT NULL,
  `UserID` int(11) DEFAULT NULL,
  `TeamID` int(11) DEFAULT NULL,
  `SubTeamID` int(11) DEFAULT NULL,
  PRIMARY KEY (`TUMapID`),
  UNIQUE KEY `TUMapID_UNIQUE` (`TUMapID`),
  KEY `UserID_idx` (`UserID`),
  KEY `TeamID_idx` (`TeamID`),
  KEY `SubTeamID_idx` (`SubTeamID`),
  CONSTRAINT `User_for_TUM` FOREIGN KEY (`UserID`) REFERENCES `User` (`UserID`) ON DELETE NO ACTION ON UPDATE NO ACTION,
  CONSTRAINT `SubTeam_for_TUM` FOREIGN KEY (`SubTeamID`) REFERENCES `SubTeam` (`SubTeamID`) ON DELETE NO ACTION ON UPDATE NO ACTION,
  CONSTRAINT `Team_for_TUM` FOREIGN KEY (`TeamID`) REFERENCES `Team` (`TeamID`) ON DELETE NO ACTION ON UPDATE NO ACTION
) ENGINE=InnoDB DEFAULT CHARSET=latin1;
/*!40101 SET character_set_client = @saved_cs_client */;

--
-- Dumping data for table `TeamUserMap`
--

LOCK TABLES `TeamUserMap` WRITE;
/*!40000 ALTER TABLE `TeamUserMap` DISABLE KEYS */;
INSERT INTO `TeamUserMap` VALUES (1,3,1000,NULL),(2,1,NULL,1);
/*!40000 ALTER TABLE `TeamUserMap` ENABLE KEYS */;
UNLOCK TABLES;

--
-- Table structure for table `Test`
--

DROP TABLE IF EXISTS `Test`;
/*!40101 SET @saved_cs_client     = @@character_set_client */;
/*!40101 SET character_set_client = utf8 */;
CREATE TABLE `Test` (
  `TestID` int(11) NOT NULL,
  `TestModeID` int(11) DEFAULT NULL,
  `Name` varchar(255) NOT NULL,
  `PriorityID` int(11) DEFAULT NULL,
  `CreatedOn` datetime NOT NULL,
  `LastRun` datetime DEFAULT NULL,
  `ReviewedOn` datetime DEFAULT NULL,
  `AuthorID` int(11) DEFAULT NULL,
  `PassValue` int(11) DEFAULT NULL,
  PRIMARY KEY (`TestID`),
  UNIQUE KEY `TestID_UNIQUE` (`TestID`),
  KEY `TestModeID_idx` (`TestModeID`),
  KEY `PriorityID_idx` (`PriorityID`),
  KEY `PassValueID_idx` (`PassValue`),
  KEY `Author_idx` (`AuthorID`),
  CONSTRAINT `TestMode_for_Test` FOREIGN KEY (`TestModeID`) REFERENCES `TestMode` (`TestModeID`) ON DELETE NO ACTION ON UPDATE NO ACTION,
  CONSTRAINT `Priority_for_Test` FOREIGN KEY (`PriorityID`) REFERENCES `Priority` (`PriorityID`) ON DELETE NO ACTION ON UPDATE NO ACTION,
  CONSTRAINT `PassValue_for_Test` FOREIGN KEY (`PassValue`) REFERENCES `PassValue` (`PassValueID`) ON DELETE NO ACTION ON UPDATE NO ACTION,
  CONSTRAINT `Author_for_Test` FOREIGN KEY (`AuthorID`) REFERENCES `User` (`UserID`) ON DELETE NO ACTION ON UPDATE NO ACTION
) ENGINE=InnoDB DEFAULT CHARSET=latin1;
/*!40101 SET character_set_client = @saved_cs_client */;

--
-- Dumping data for table `Test`
--

LOCK TABLES `Test` WRITE;
/*!40000 ALTER TABLE `Test` DISABLE KEYS */;
INSERT INTO `Test` VALUES (1,1,'Test that a row can be added to the TEST table',3,'2012-10-08 09:57:47',NULL,NULL,1,2),(2,1,'Add positive, negative, and edge testing Test Modes to the TESTMODE table',3,'2012-10-08 09:57:47',NULL,NULL,1,2),(3,1,'Assign test modes to the three existing tests in the TEST table',3,'2012-10-08 09:57:47',NULL,NULL,1,2),(4,1,'Create a test set for this testing to keep track of our results',3,'2012-10-08 09:57:47',NULL,NULL,1,2),(5,1,'Add test steps for test 4 to the STEP table',2,'2012-10-08 09:57:47',NULL,NULL,1,2),(6,1,'Write a SQL query to list all tests and steps to check our work as we go',0,'2012-10-08 09:57:47',NULL,NULL,1,2),(7,1,'Add AuthorID to each test which corresponds with the User contained in the USER table',3,'2012-10-08 09:57:47',NULL,NULL,1,2),(8,1,'Optimize the SQL query to use table abbreviations and a LEFT JOIN',3,'2012-10-08 09:57:47',NULL,NULL,1,2),(9,1,'Create PriorityIDs in the Priority table with reasonable weights',1,'2012-10-08 09:57:47',NULL,NULL,1,2),(10,1,'Update the priorities of the tests in TEST',2,'2012-10-08 09:57:47',NULL,NULL,1,2),(11,1,'Update the CreatedOn timestamp values of all in TEST',2,'2012-10-08 09:57:47',NULL,NULL,1,2),(12,1,'Brainstorm and enter Pass Values in PASSVALUE',2,'2012-10-08 09:57:47',NULL,NULL,1,2),(13,1,'Update all tests in TEST to contain accurate PassValues of 2 = Not Run',2,'2012-10-08 16:31:00',NULL,NULL,1,2),(14,1,'Create row of data in DEPARTMENT',2,'2012-10-08 16:31:00',NULL,NULL,1,2),(15,1,'Create department owner in user table and update DEPARTMENT',2,'2012-10-08 09:57:47',NULL,NULL,1,2),(16,1,'Create a testing user Suzy in the USER table',2,'2012-10-08 09:57:47',NULL,NULL,1,2),(17,1,'Create a testing center of excellence business unit in BUSINESSUNIT belonging to R&D',2,'2012-10-08 09:57:47',NULL,NULL,1,2),(18,1,'Create a product in the PRODUCT table called OpenTestCenter that belongs to the business unit just created',2,'2012-10-08 09:57:47',NULL,NULL,1,2),(19,1,'Create a team called Test Tools Delivery Team in the TEAM table belonging to the business unit.',2,'2012-10-08 16:49:00',NULL,NULL,1,2),(20,1,'Update the TEAMUSERMAP to map who is on the team just created.',2,'2012-10-08 16:49:00',NULL,NULL,1,2),(21,1,'Create a subteam called OpenTestCenter team in the SUBTEAM table belonging to the team in test 19.',2,'2012-10-08 16:49:00',NULL,NULL,1,2),(22,1,'Map your user onto the OTC subteam in TEAMUSERMAP',2,'2012-10-08 17:00:00',NULL,NULL,1,2),(23,1,'Create the alpha and beta releases of OTC in RELEASE',2,'2012-10-08 17:00:00',NULL,NULL,1,2),(24,1,'Define two suites of tests in SUITE, an OpenTestCenter smoketest and a full functional suite',2,'2012-10-08 17:00:00',NULL,NULL,1,2),(25,1,'Of the tests available in TEST, map them to test suites by adding rows to TESTSUITEMAP',2,'2012-10-08 17:00:00',NULL,NULL,1,2),(26,1,'Create the anatomy of the OpenTestCenter app in ANATOMY for both releases',2,'2012-10-08 17:00:00',NULL,NULL,1,2),(27,1,'Establish anatomy dependencies by entering them in ANATOMYDEPENDMAP',2,'2012-10-08 17:36:00',NULL,NULL,1,2),(28,1,'Write a few rows in PAYLOAD that describe the functional updates to OTC you have created in the back end.',2,'2012-10-08 17:51:00',NULL,NULL,1,2),(29,1,'Create a row in BUGFIXSET that will contain the bugs we want to include in alpha',2,'2012-10-08 18:04:00',NULL,NULL,1,2),(30,1,'Create rows in TRIAGESTATE that indicate the triage levels of a bug',2,'2012-10-08 19:12:00',NULL,NULL,1,2),(31,1,'Create some bugs in the BUG table',2,'2012-10-08 19:12:00',NULL,NULL,1,2),(32,1,'Create rows in BUGTOBUGFIXSET to map bugs just fixed to their bug fix set',2,'2012-10-08 19:12:00',NULL,NULL,1,2),(33,2,'Try to create a row in BUGTOBUGFIXSET that maps a bug ID that doesn\'t exist.  The database should reject the insert.',2,'2012-10-08 19:12:00',NULL,NULL,1,2),(34,1,'Enter in relationships between bugs, bugs and stories',2,'2012-10-08 21:42:00',NULL,NULL,1,2),(35,1,'Enter in RELATIONTYPE values of one to one, one to many, many to many, many to one',2,'2012-10-08 21:44:00',NULL,NULL,1,2),(36,1,'Revisit Relation schema and create ASSOCIATEMAP, RELATIONSHIP, RELATIONSHIPMAP tables',2,'2012-10-09 08:29:00',NULL,NULL,1,2),(37,1,'Create relationships among the common bugs and stories',2,'2012-10-09 08:29:00',NULL,NULL,1,2),(38,1,'Go through and enter more sample data for Department',2,'2012-10-09 09:14:00',NULL,NULL,1,2),(39,1,'Enter more sample data for BusinessUnit',2,'2012-10-09 09:14:00',NULL,NULL,1,2),(40,1,'Enter more sample data for Team',2,'2012-10-09 09:14:00',NULL,NULL,1,2),(41,1,'Enter more sample data for SubTeam',2,'2012-10-09 09:14:00',NULL,NULL,1,2),(42,1,'Enter in mapping relationships between Anatomy and tests',2,'2012-10-09 09:32:00',NULL,NULL,1,2),(43,1,'Ensure Anatomy and AnatomyDependencies test data are filled in ',2,'2012-10-09 09:32:00',NULL,NULL,1,2),(44,1,'Enter in a number of rows for AnatomyTestMap',2,'2012-10-09 15:23:00',NULL,NULL,1,2),(45,1,'Ensure there is a row in BUILD to represent a past or future build',2,'2012-10-09 15:23:00',NULL,NULL,1,2),(46,1,'Enter remaining bugs into BUGTOBUGFIXSETMAP table to presume all existing bugs will be in our current BugFixSet.',2,'2012-10-09 15:23:00',NULL,NULL,1,2),(47,1,'Go through and map the test sets in TESTSETMAP',2,'2012-10-09 15:23:00',NULL,NULL,1,2);
/*!40000 ALTER TABLE `Test` ENABLE KEYS */;
UNLOCK TABLES;

--
-- Table structure for table `TestMode`
--

DROP TABLE IF EXISTS `TestMode`;
/*!40101 SET @saved_cs_client     = @@character_set_client */;
/*!40101 SET character_set_client = utf8 */;
CREATE TABLE `TestMode` (
  `TestModeID` int(11) NOT NULL,
  `Name` varchar(45) NOT NULL,
  `Description` varchar(255) DEFAULT NULL,
  PRIMARY KEY (`TestModeID`),
  UNIQUE KEY `TestModeID_UNIQUE` (`TestModeID`)
) ENGINE=InnoDB DEFAULT CHARSET=latin1;
/*!40101 SET character_set_client = @saved_cs_client */;

--
-- Dumping data for table `TestMode`
--

LOCK TABLES `TestMode` WRITE;
/*!40000 ALTER TABLE `TestMode` DISABLE KEYS */;
INSERT INTO `TestMode` VALUES (1,'Functional','Functional verification'),(2,'Non-Functional','Usability, performance response'),(3,'Edge','Gray areas of functional and nonfunctional perspectives on the system');
/*!40000 ALTER TABLE `TestMode` ENABLE KEYS */;
UNLOCK TABLES;

--
-- Table structure for table `TestSetMap`
--

DROP TABLE IF EXISTS `TestSetMap`;
/*!40101 SET @saved_cs_client     = @@character_set_client */;
/*!40101 SET character_set_client = utf8 */;
CREATE TABLE `TestSetMap` (
  `TSMapID` int(11) NOT NULL,
  `SetID` int(11) NOT NULL,
  `TestID` int(11) NOT NULL,
  `TestPriorityInSet` int(11) DEFAULT NULL,
  `ExecutionOrder` int(11) NOT NULL,
  PRIMARY KEY (`TSMapID`),
  UNIQUE KEY `TSMapID_UNIQUE` (`TSMapID`),
  KEY `SetID_idx` (`SetID`),
  KEY `TestID_idx` (`TestID`),
  KEY `TestPriorityInSet_to_Priority_idx` (`TestPriorityInSet`),
  CONSTRAINT `Set_containing_Test` FOREIGN KEY (`SetID`) REFERENCES `Set` (`SetID`) ON DELETE NO ACTION ON UPDATE NO ACTION,
  CONSTRAINT `Test_in_Set` FOREIGN KEY (`TestID`) REFERENCES `Test` (`TestID`) ON DELETE NO ACTION ON UPDATE NO ACTION,
  CONSTRAINT `TestPriorityInSet_to_Priority` FOREIGN KEY (`TestPriorityInSet`) REFERENCES `Priority` (`PriorityID`) ON DELETE NO ACTION ON UPDATE NO ACTION
) ENGINE=InnoDB DEFAULT CHARSET=latin1;
/*!40101 SET character_set_client = @saved_cs_client */;

--
-- Dumping data for table `TestSetMap`
--

LOCK TABLES `TestSetMap` WRITE;
/*!40000 ALTER TABLE `TestSetMap` DISABLE KEYS */;
INSERT INTO `TestSetMap` VALUES (1,1,1,1,0),(2,1,2,1,0),(3,1,3,1,0),(4,1,4,1,0),(5,1,5,1,0),(6,1,6,1,0),(7,1,7,1,0),(8,1,8,1,0),(9,1,9,1,0),(10,1,10,1,0),(11,1,11,1,0),(12,1,12,1,0),(13,1,13,1,0),(14,1,14,1,0),(15,1,15,1,0),(16,1,16,1,0),(17,1,17,1,0),(18,1,18,1,0),(19,1,19,1,0),(20,1,20,1,0),(21,1,21,1,0),(22,1,22,1,0),(23,1,23,1,0),(24,1,24,1,0),(25,1,25,1,0),(26,1,26,1,0),(27,1,27,1,0),(28,1,28,1,0),(29,1,29,1,0),(30,1,30,1,0),(31,1,31,1,0),(32,1,32,1,0),(33,1,33,1,0),(34,1,34,1,0),(35,1,35,1,0),(36,1,36,1,0),(37,1,37,1,0),(38,1,38,1,0),(39,1,39,1,0),(40,1,40,1,0),(41,1,41,1,0),(42,1,42,1,0),(43,1,43,1,0),(44,1,44,1,0),(45,1,45,1,0),(46,1,46,1,0),(47,1,47,1,0);
/*!40000 ALTER TABLE `TestSetMap` ENABLE KEYS */;
UNLOCK TABLES;

--
-- Table structure for table `TriageState`
--

DROP TABLE IF EXISTS `TriageState`;
/*!40101 SET @saved_cs_client     = @@character_set_client */;
/*!40101 SET character_set_client = utf8 */;
CREATE TABLE `TriageState` (
  `TriageID` int(11) NOT NULL,
  `LocalTriageID` int(11) DEFAULT NULL,
  `TriageName` varchar(45) NOT NULL,
  `Comments` varchar(128) DEFAULT NULL,
  PRIMARY KEY (`TriageID`)
) ENGINE=InnoDB DEFAULT CHARSET=latin1;
/*!40101 SET character_set_client = @saved_cs_client */;

--
-- Dumping data for table `TriageState`
--

LOCK TABLES `TriageState` WRITE;
/*!40000 ALTER TABLE `TriageState` DISABLE KEYS */;
INSERT INTO `TriageState` VALUES (0,1,'Waiting','Waiting room'),(1,2,'Understanding','Being seen, understanding the problem'),(2,3,'Designing','Remedy is in design'),(3,4,'Fixing','Coding in progress to address bug'),(4,5,'Delivery','Coding completed and bug is ready for re-test'),(5,6,'Verification','Bug has been verified solved by QA'),(6,7,'Shipment','Bug has been deployed to staging and prod.');
/*!40000 ALTER TABLE `TriageState` ENABLE KEYS */;
UNLOCK TABLES;

--
-- Table structure for table `User`
--

DROP TABLE IF EXISTS `User`;
/*!40101 SET @saved_cs_client     = @@character_set_client */;
/*!40101 SET character_set_client = utf8 */;
CREATE TABLE `User` (
  `UserID` int(11) NOT NULL,
  `FName` varchar(45) NOT NULL,
  `LName` varchar(45) DEFAULT NULL,
  `Email` varchar(45) DEFAULT NULL,
  `IM` varchar(45) DEFAULT NULL,
  `KnownAs` varchar(45) DEFAULT NULL,
  `Thumbnail` blob,
  PRIMARY KEY (`UserID`)
) ENGINE=InnoDB DEFAULT CHARSET=latin1;
/*!40101 SET character_set_client = @saved_cs_client */;

--
-- Dumping data for table `User`
--

LOCK TABLES `User` WRITE;
/*!40000 ALTER TABLE `User` DISABLE KEYS */;
INSERT INTO `User` VALUES (1,'Eric','Mumford','eric.mumford@gmail.com',NULL,'Mumsy',NULL),(2,'Department','Owner','owner@null.org',NULL,'Dept Head',NULL),(3,'Suzy','Tester','',NULL,'Suze',NULL);
/*!40000 ALTER TABLE `User` ENABLE KEYS */;
UNLOCK TABLES;
/*!40103 SET TIME_ZONE=@OLD_TIME_ZONE */;

/*!40101 SET SQL_MODE=@OLD_SQL_MODE */;
/*!40014 SET FOREIGN_KEY_CHECKS=@OLD_FOREIGN_KEY_CHECKS */;
/*!40014 SET UNIQUE_CHECKS=@OLD_UNIQUE_CHECKS */;
/*!40101 SET CHARACTER_SET_CLIENT=@OLD_CHARACTER_SET_CLIENT */;
/*!40101 SET CHARACTER_SET_RESULTS=@OLD_CHARACTER_SET_RESULTS */;
/*!40101 SET COLLATION_CONNECTION=@OLD_COLLATION_CONNECTION */;
/*!40111 SET SQL_NOTES=@OLD_SQL_NOTES */;

-- Dump completed on 2012-10-10 17:03:02
